{
  "dataset": "Telco Customer Churn",
  "n_records": 7043,
  "n_attributes": 20,
  "llm_model": "deepseek-chat",
  "best_strategy": "few_shot",
  "timestamp": "2026-07-14 16:18:18.283779",
  "cfd_discovery_by_strategy": {
    "zero_shot": {
      "candidates": 15,
      "validated": 12,
      "filter_rate": 0.06666666666666667,
      "gate_gain": 0.0,
      "precision": 0.6666666666666666,
      "recall": 0.5333333333333333,
      "f1": 0.5925925925925926,
      "tp": 8,
      "fp": 4,
      "fn": 7
    },
    "few_shot": {
      "candidates": 31,
      "validated": 25,
      "filter_rate": 0.12903225806451613,
      "gate_gain": 0.021538461538461617,
      "precision": 0.56,
      "recall": 0.9333333333333333,
      "f1": 0.7000000000000001,
      "tp": 14,
      "fp": 11,
      "fn": 1
    },
    "cot_fewshot": {
      "candidates": 31,
      "validated": 25,
      "filter_rate": 0.12903225806451613,
      "gate_gain": 0.021538461538461617,
      "precision": 0.56,
      "recall": 0.9333333333333333,
      "f1": 0.7000000000000001,
      "tp": 14,
      "fp": 11,
      "fn": 1
    }
  },
  "cfd_discovery": {
    "candidates": 31,
    "validated": 25,
    "filter_rate": 0.12903225806451613,
    "gate_gain": 0.021538461538461617,
    "precision": 0.56,
    "recall": 0.9333333333333333,
    "f1": 0.7000000000000001,
    "tp": 14,
    "fp": 11,
    "fn": 1
  },
  "anomaly_detection": {
    "LLM-CFD": {
      "auprc": 0.4849703308836917,
      "precision_at_k": 1.0,
      "ndcg_at_k": 1.0000000000000004
    },
    "LLM-NoGate": {
      "auprc": 0.42907296615547585,
      "precision_at_k": 0.81,
      "ndcg_at_k": 0.8200461341969764
    },
    "EIF": {
      "auprc": 0.34268151958125975,
      "precision_at_k": 0.78,
      "ndcg_at_k": 0.8248503982869909
    },
    "COPOD": {
      "auprc": 0.23485620796807216,
      "precision_at_k": 0.49,
      "ndcg_at_k": 0.5519646105333804
    },
    "LLM-CFD+EIF": {
      "auprc": 0.4188082897787383,
      "precision_at_k": 0.94,
      "ndcg_at_k": 0.9557903122741799
    },
    "LLM-CFD+COPOD": {
      "auprc": 0.39841272145855244,
      "precision_at_k": 0.89,
      "ndcg_at_k": 0.9114024938891385
    }
  },
  "ablation": {
    "LLM-NoGate": {
      "auprc": 0.42907296615547585,
      "precision_at_k": 0.81,
      "ndcg_at_k": 0.8200461341969764
    },
    "fixed_threshold_095": {
      "auprc": 0.4849703308836917,
      "precision_at_k": 1.0,
      "ndcg_at_k": 1.0000000000000004
    },
    "full_pipeline": {
      "auprc": 0.4849703308836917,
      "precision_at_k": 1.0,
      "ndcg_at_k": 1.0000000000000004
    }
  },
  "anomaly_injection": {
    "total_injected": 1267,
    "injection_rate": 0.17989493113729946
  }
}